,seconds_since_previous_pull,HH_ID,roll_ID,roll_type,starting_time,elapsed_time,total_sheets_used,number_pulled,max_min_pull_diff,multiple_pull_flag,average_time_between_pulls,label
0,4282,A,1200,Small,2019-10-29 5:51:42,0,3.991088397,1,0,FALSE,0,pee & hand washing
0,2394,A,1200,Small,2019-10-29 7:13:21,0,4.277734769,1,0,FALSE,0,pee & hand washing
0,14200,A,1200,Small,2019-10-29 11:10:01,0,2.363388,1,0,FALSE,0,pee & hand washing
0,828,A,1200,Small,2019-10-29 11:23:49,4,2.98015999,2,2.351340539,TRUE,4,pee & hand washing
0,12312,A,1200,Small,2019-10-29 14:49:05,0,2.186277729,1,0,FALSE,0,pee & hand washing
0,6481,A,1200,Small,2019-10-29 16:37:06,0,3.883745099,1,0,FALSE,0,pee & hand washing
0,13817,A,1200,Small,2019-10-29 20:27:23,6,4.472503615,2,1.071315868,TRUE,6,poo
0,7181,A,1200,Small,2019-10-29 22:27:10,12,4.894490167,2,3.980400005,TRUE,12,poo
0,974,A,1200,Small,2019-10-29 22:43:36,271,10.85652781,3,2.383214286,TRUE,135.5,object cleaning
0,5664,A,1200,Small,2019-10-30 0:22:31,0,2.977350388,1,0,FALSE,0,pee & hand washing
0,45146,A,1200,Small,2019-10-30 12:54:57,0,4.570309158,1,0,FALSE,0,pee & hand washing
0,486,A,1200,Small,2019-10-30 13:03:03,330,9.310500192,4,3.219141852,TRUE,110,object cleaning
0,631,A,1200,Small,2019-10-30 13:19:04,0,2.875634798,1,0,FALSE,0,pee & hand washing
0,15427,A,1200,Small,2019-10-30 17:36:11,0,4.282187159,1,0,FALSE,0,pee & hand washing
0,3856,A,1200,Small,2019-10-30 18:40:27,0,4.526313079,1,0,FALSE,0,pee & hand washing
0,5447,A,1200,Small,2019-10-30 20:11:14,2,9.200705881,2,4.218156361,TRUE,2,poo
0,1086,A,1200,Small,2019-10-30 20:29:22,3,10.63944889,3,4.958371224,TRUE,1.5,poo
0,31537,A,1200,Small,2019-10-31 5:15:02,0,1.748583789,1,0,FALSE,0,pee & hand washing
0,11310,A,1200,Small,2019-10-31 15:14:33,0,2.009467769,1,0,FALSE,0,pee & hand washing
0,6396,A,1200,Small,2019-10-31 17:01:09,0,3.593405616,1,0,FALSE,0,pee & hand washing
0,645,A,1200,Small,2019-10-31 17:11:54,0,4.481800168,1,0,FALSE,0,pee & hand washing
0,681,A,1200,Small,2019-10-31 17:23:15,0,5.986908432,1,0,FALSE,0,pee & hand washing
0,325,A,1200,Small,2019-10-31 17:28:40,281,16.44262778,4,3.873682423,TRUE,93.66666667,object cleaning
0,12359,A,1200,Small,2019-10-31 20:59:20,33,13.95813987,4,6.503916019,TRUE,11,poo
0,335,A,1200,Small,2019-10-31 21:05:28,0,3.432836883,1,0,FALSE,0,pee & hand washing
0,472,A,1200,Small,2019-10-31 21:13:20,161,8.600784657,2,3.672860914,TRUE,161,object cleaning
0,12816,A,1200,Small,2019-11-01 0:49:37,0,3.081284292,1,0,FALSE,0,pee & hand washing
0,1344,A,1200,Small,2019-11-01 1:12:01,2,6.968281785,2,6.968281785,TRUE,2,poo
0,32824,A,1200,Small,2019-11-01 10:19:07,0,2.323894501,1,0,FALSE,0,pee & hand washing
0,2416,A,1200,Small,2019-11-01 10:59:23,0,2.196141304,1,0,FALSE,0,pee & hand washing
0,747,A,1200,Small,2019-11-01 11:11:50,0,2.396496171,1,0,FALSE,0,pee & hand washing
0,373,A,1200,Small,2019-11-01 11:18:03,135,21.56081261,4,8.519421102,TRUE,45,object cleaning
0,1159,A,1200,Small,2019-11-01 11:39:37,27,17.84987596,3,2.105639441,TRUE,13.5,object cleaning
0,2107,A,1200,Small,2019-11-01 12:15:11,55,13.85882883,5,3.690403348,TRUE,13.75,object cleaning
0,9960,A,1200,Small,2019-11-01 15:02:06,0,2.464496125,1,0,FALSE,0,pee & hand washing
0,656,A,1200,Small,2019-11-01 15:13:02,0,3.34177733,1,0,FALSE,0,pee & hand washing
0,10247,A,1200,Small,2019-11-01 18:03:49,71,4.887605843,2,4.566601112,TRUE,71,poo
0,14985,A,1200,Small,2019-11-01 22:14:45,0,1.675207492,1,0,FALSE,0,pee & hand washing
0,2000,A,1200,Small,2019-11-01 22:48:05,0,3.295263457,1,0,FALSE,0,pee & hand washing
0,31997,A,1200,Small,2019-11-02 7:41:22,0,1.849991809,1,0,FALSE,0,pee & hand washing
0,5636,A,1200,Small,2019-11-02 9:15:18,0,3.627948971,1,0,FALSE,0,pee & hand washing
0,323,A,1200,Small,2019-11-02 9:20:41,4,4.183441901,3,3.067570606,TRUE,2,poo
0,13825,A,1200,Small,2019-11-02 13:11:10,0,3.838325656,1,0,FALSE,0,pee & hand washing
0,1508,A,1200,Small,2019-11-02 13:36:18,0,2.011153073,1,0,FALSE,0,pee & hand washing
0,71144,A,1200,Small,2019-11-03 9:22:02,0,2.984455795,1,0,FALSE,0,pee & hand washing
0,8029,A,1200,Small,2019-11-03 11:35:51,0,2.577843139,1,0,FALSE,0,pee & hand washing
0,10433,A,1202,Small,2019-10-07 15:44:44,230,4.883042912,3,1.887458836,TRUE,115,pee & hand washing
0,16018,A,1202,Small,2019-10-07 20:15:32,1,11.18668661,2,10.26309187,TRUE,1,poo
0,691,A,1202,Small,2019-10-07 20:27:04,0,8.702865681,1,0,FALSE,0,poo
0,15798,A,1202,Small,2019-10-08 0:50:22,0,3.021538309,1,0,FALSE,0,pee & hand washing
0,16043,A,1202,Small,2019-10-08 5:17:45,6,8.964566804,3,6.882380808,TRUE,3,poo
0,11001,A,1202,Small,2019-10-08 8:21:12,45,5.599938308,2,2.345487806,TRUE,45,pee & hand washing
0,12102,A,1202,Small,2019-10-08 11:43:39,166,9.007512627,3,2.873925642,TRUE,83,object cleaning
0,8829,A,1202,Small,2019-10-08 14:13:34,26,15.58671444,3,1.953640751,TRUE,13,poo
0,441,A,1202,Small,2019-10-08 14:21:21,49,10.19630208,6,4.992179152,TRUE,9.8,object cleaning
0,9864,A,1202,Small,2019-10-08 17:06:34,21,8.22269339,2,0.6354727346,TRUE,21,poo
0,14258,A,1202,Small,2019-10-08 21:04:33,247,11.97833562,3,3.338649583,TRUE,123.5,object cleaning
0,498,A,1202,Small,2019-10-08 21:16:58,0,3.616191658,1,0,FALSE,0,pee & hand washing
0,18266,A,1202,Small,2019-10-09 2:21:24,0,2.818365751,1,0,FALSE,0,pee & hand washing
0,33522,A,1202,Small,2019-10-09 11:40:06,0,8.084160339,1,0,FALSE,0,poo
0,1724,A,1202,Small,2019-10-09 12:08:50,0,2.987538954,1,0,FALSE,0,pee & hand washing
0,3661,A,1202,Small,2019-10-09 13:09:51,0,4.313786105,1,0,FALSE,0,pee & hand washing
0,4471,A,1202,Small,2019-10-09 14:24:22,0,3.535594642,1,0,FALSE,0,pee & hand washing
0,4938,A,1202,Small,2019-10-09 15:46:40,0,6.847098083,1,0,FALSE,0,pee & hand washing
0,2946,A,1202,Small,2019-10-09 16:35:46,0,2.842469177,1,0,FALSE,0,pee & hand washing
0,10164,A,1202,Small,2019-10-09 19:25:10,0,3.985728231,1,0,FALSE,0,pee & hand washing
0,4644,A,1202,Small,2019-10-09 20:42:34,0,4.28265463,1,0,FALSE,0,pee & hand washing
0,1974,A,1202,Small,2019-10-09 21:15:28,6,6.935991171,2,0.3797995936,TRUE,6,poo
0,10881,A,1202,Small,2019-10-10 0:16:55,61,11.57570145,5,3.360118657,TRUE,15.25,poo
0,3674,A,1202,Small,2019-10-10 1:19:10,30,4.607878222,3,1.724605837,TRUE,15,pee & hand washing
0,18714,A,1202,Small,2019-10-10 6:31:34,0,6.715502034,1,0,FALSE,0,pee & hand washing
0,321,A,1202,Small,2019-10-10 6:36:55,6,9.956288625,4,8.558473468,TRUE,2,poo
0,16175,A,1202,Small,2019-10-10 11:06:36,0,8.439591453,1,0,FALSE,0,pee & hand washing
0,565,A,1202,Small,2019-10-10 11:16:01,294,4.670725615,2,2.172872027,TRUE,294,pee & hand washing
0,479,A,1202,Small,2019-10-10 11:28:54,0,2.344463059,1,0,FALSE,0,pee & hand washing
0,21343,A,1202,Small,2019-10-10 17:24:37,12,13.69356568,2,2.038398766,TRUE,12,poo
0,5750,A,1202,Small,2019-10-10 19:00:39,0,5.81425221,1,0,FALSE,0,pee & hand washing
0,3621,A,1202,Small,2019-10-10 20:01:00,0,6.916183549,1,0,FALSE,0,pee & hand washing
0,2044,A,1202,Small,2019-10-10 20:35:04,0,7.620598441,1,0,FALSE,0,pee & hand washing
0,31866,A,1202,Small,2019-10-11 5:26:10,12,9.669186601,3,3.417189016,TRUE,6,poo
0,3184,A,1202,Small,2019-10-11 6:19:26,0,7.898558627,1,0,FALSE,0,pee & hand washing
0,40090,A,1202,Small,2019-10-11 18:08:13,2,6.175378227,2,6.175378227,TRUE,2,pee & hand washing
0,34871,A,1203,Small,2019-10-12 6:17:41,4,10.76515861,2,2.387524609,TRUE,4,poo
0,16056,A,1203,Small,2019-10-12 10:45:21,0,6.149794614,1,0,FALSE,0,pee & hand washing
0,5865,A,1203,Small,2019-10-12 12:23:06,0,3.961599296,1,0,FALSE,0,pee & hand washing
0,2678,A,1203,Small,2019-10-12 13:07:44,0,5.889561029,1,0,FALSE,0,pee & hand washing
0,8840,A,1203,Small,2019-10-12 15:35:04,2,5.979712807,2,5.979712807,TRUE,2,poo
0,17140,A,1203,Small,2019-10-12 20:20:46,0,5.324714097,1,0,FALSE,0,pee & hand washing
0,593,A,1203,Small,2019-10-12 20:30:39,0,4.979289453,1,0,FALSE,0,pee & hand washing
0,4609,A,1203,Small,2019-10-12 21:47:28,467,19.61893954,5,7.189587235,TRUE,116.75,object cleaning
0,30779,A,1203,Small,2019-10-13 6:28:14,0,6.774654242,1,0,FALSE,0,pee & hand washing
0,4562,A,1203,Small,2019-10-13 7:44:16,0,4.234314215,1,0,FALSE,0,pee & hand washing
0,2184,A,1203,Small,2019-10-13 8:20:40,12,9.948849724,3,5.674657912,TRUE,6,poo
0,5334,A,1203,Small,2019-10-13 9:49:46,0,4.099916238,1,0,FALSE,0,pee & hand washing
0,1454,A,1203,Small,2019-10-13 10:14:00,0,2.623847025,1,0,FALSE,0,pee & hand washing
0,5977,A,1203,Small,2019-10-13 11:53:37,2,5.197669989,2,3.629864902,TRUE,2,pee & hand washing
0,2491,A,1203,Small,2019-10-13 12:35:10,0,5.258390944,1,0,FALSE,0,pee & hand washing
0,7120,A,1203,Small,2019-10-13 14:33:50,0,6.192499234,1,0,FALSE,0,pee & hand washing
0,7980,A,1203,Small,2019-10-13 16:46:50,0,7.446336557,1,0,FALSE,0,pee & hand washing
0,19986,A,1203,Small,2019-10-13 22:19:56,99,9.455879611,2,2.242154937,TRUE,99,object cleaning
0,2664,A,1203,Small,2019-10-13 23:05:59,0,2.621187578,1,0,FALSE,0,pee & hand washing
0,5977,A,1203,Small,2019-10-14 0:45:36,7,8.562157662,3,6.238455002,TRUE,3.5,poo
0,28728,A,1203,Small,2019-10-14 8:44:31,0,2.077075536,1,0,FALSE,0,pee & hand washing
0,6170,A,1203,Small,2019-10-14 10:27:21,312,14.93422751,4,5.926738321,TRUE,104,object cleaning
0,945,A,1203,Small,2019-10-14 10:48:18,0,2.724854356,1,0,FALSE,0,pee & hand washing
0,11510,A,1203,Small,2019-10-14 14:00:08,2,6.970816586,2,6.970816586,TRUE,2,pee & hand washing
0,20237,A,1203,Small,2019-10-14 19:37:27,3,9.769348377,2,2.373485103,TRUE,3,poo
0,1836,A,1203,Small,2019-10-14 20:08:06,0,1.322086983,1,0,FALSE,0,pee & hand washing
0,2794,A,1203,Small,2019-10-14 20:54:40,0,6.01064601,1,0,FALSE,0,pee & hand washing
0,8534,A,1203,Small,2019-10-14 23:16:54,0,6.053341711,1,0,FALSE,0,pee & hand washing
0,25486,A,1203,Small,2019-10-15 6:21:40,130,8.224012846,2,0.9621970483,TRUE,130,object cleaning
0,1976,A,1203,Small,2019-10-15 6:56:46,1,3.675271069,2,3.489881734,TRUE,1,pee & hand washing
0,80022,A,1203,Small,2019-10-16 5:10:29,0,2.083078838,1,0,FALSE,0,pee & hand washing
0,479,A,1203,Small,2019-10-16 5:18:28,0,3.570220541,1,0,FALSE,0,pee & hand washing
0,3791,A,1203,Small,2019-10-16 6:21:39,0,2.98224557,1,0,FALSE,0,pee & hand washing
0,6373,A,1203,Small,2019-10-16 8:07:52,3,3.532143977,2,2.142741034,TRUE,3,pee & hand washing
0,12719,A,1203,Small,2019-10-16 11:39:54,34,8.887958852,3,3.91174364,TRUE,17,poo
0,22620,A,1203,Small,2019-10-16 17:57:28,255,19.67801148,5,3.067987059,TRUE,63.75,object cleaning
0,9075,A,1203,Small,2019-10-16 20:32:58,2,4.861702629,2,4.190712396,TRUE,2,pee & hand washing
0,31949,A,1203,Small,2019-10-17 5:25:29,0,4.395086194,1,0,FALSE,0,pee & hand washing
0,18618,A,1203,Small,2019-10-17 10:35:47,8,6.031459087,2,0.5871833386,TRUE,8,poo
0,13368,A,1203,Small,2019-10-17 14:18:43,1,2.89770615,2,2.89770615,TRUE,1,pee & hand washing
0,7880,A,1204,Small,2019-10-23 19:54:50,212,5.916757361,2,0.6376987224,TRUE,212,object cleaning
0,550,A,1204,Small,2019-10-23 20:07:32,1,10.74171408,2,4.645278467,TRUE,1,pee & hand washing
0,1153,A,1204,Small,2019-10-23 20:26:46,0,1.972399774,1,0,FALSE,0,pee & hand washing
0,29182,A,1204,Small,2019-10-24 4:33:08,39,16.70117565,2,1.958960059,TRUE,39,object cleaning
0,23107,A,1204,Small,2019-10-24 10:58:54,41,15.91533084,7,5.786286438,TRUE,6.833333333,poo
0,2212,A,1204,Small,2019-10-24 11:36:27,0,3.127431074,1,0,FALSE,0,pee & hand washing
0,5858,A,1204,Small,2019-10-24 13:14:05,2,3.107254703,2,2.262197745,TRUE,2,pee & hand washing
0,8641,A,1204,Small,2019-10-24 20:21:03,0,7.825335185,1,0,FALSE,0,pee & hand washing
0,653,A,1204,Small,2019-10-24 20:31:56,105,11.76293994,2,0.7439666682,TRUE,105,object cleaning
0,447,A,1204,Small,2019-10-24 20:41:08,2,9.346876519,2,5.640808298,TRUE,2,poo
0,391,A,1204,Small,2019-10-24 20:47:41,0,7.460142949,1,0,FALSE,0,pee & hand washing
0,19420,A,1204,Small,2019-10-25 2:11:21,4,1.274947394,3,0.8904372014,TRUE,2,pee & hand washing
0,11524,A,1204,Small,2019-10-25 5:23:29,87,4.263528516,2,4.011357059,TRUE,87,pee & hand washing
0,3032,A,1204,Small,2019-10-25 6:15:28,2,7.161857894,2,4.221341558,TRUE,2,pee & hand washing
0,24773,A,1204,Small,2019-10-25 13:08:23,44,14.02042833,4,4.903178425,TRUE,14.66666667,poo
0,10237,A,1204,Small,2019-10-25 15:59:44,0,3.503062411,1,0,FALSE,0,pee & hand washing
0,15670,A,1204,Small,2019-10-25 20:20:54,0,4.841257058,1,0,FALSE,0,pee & hand washing
0,1575,A,1204,Small,2019-10-25 20:47:09,0,3.413019101,1,0,FALSE,0,pee & hand washing
0,937,A,1204,Small,2019-10-25 21:02:46,0,3.599200484,1,0,FALSE,0,pee & hand washing
0,41715,A,1204,Small,2019-10-26 8:38:01,0,6.633445567,1,0,FALSE,0,pee & hand washing
0,16368,A,1204,Small,2019-10-26 13:10:49,0,2.936089456,1,0,FALSE,0,pee & hand washing
0,1053,A,1204,Small,2019-10-26 13:28:22,0,7.049171023,1,0,FALSE,0,poo
0,64970,A,1204,Small,2019-10-27 7:31:12,2,5.941787641,2,5.730969408,TRUE,2,pee & hand washing
0,17203,A,1204,Small,2019-10-27 12:17:57,0,3.885947236,1,0,FALSE,0,pee & hand washing
0,7168,A,1204,Small,2019-10-27 14:17:25,1,4.424315014,2,4.225002315,TRUE,1,pee & hand washing
0,3425,A,1204,Small,2019-10-27 15:14:31,0,3.65797917,1,0,FALSE,0,pee & hand washing
0,491,A,1204,Small,2019-10-27 15:22:42,1,3.6974399,2,2.344271217,TRUE,1,pee & hand washing
0,854,A,1204,Small,2019-10-27 15:36:57,62,17.13179715,3,7.910553411,TRUE,31,poo
0,7751,A,1204,Small,2019-10-27 17:47:10,0,5.788798217,1,0,FALSE,0,pee & hand washing
0,3611,A,1204,Small,2019-10-27 18:47:21,0,5.683856158,1,0,FALSE,0,pee & hand washing
0,4872,A,1204,Small,2019-10-27 20:08:33,0,5.570410008,1,0,FALSE,0,pee & hand washing
0,2476,A,1204,Small,2019-10-27 20:49:49,13,8.693891005,2,2.355485359,TRUE,13,poo
0,1279,A,1204,Small,2019-10-27 21:11:21,126,10.23896999,3,3.121863718,TRUE,63,object cleaning
0,65533,A,1204,Small,2019-10-28 15:25:40,86,2.499922161,3,1.905035283,TRUE,43,pee & hand washing
0,6266,A,1207,Small,2019-09-28 16:08:03,325,13.6558504,6,4.320797148,TRUE,65,object cleaning
0,2692,A,1207,Small,2019-09-28 16:58:20,0,2.506606969,1,0,FALSE,0,pee & hand washing
0,10814,A,1207,Small,2019-09-28 19:58:34,0,6.992617081,1,0,FALSE,0,pee & hand washing
0,651,A,1207,Small,2019-09-28 20:09:25,2,7.3657468,2,7.3657468,TRUE,2,pee & hand washing
0,3981,A,1207,Small,2019-09-28 21:15:48,6,8.328718889,2,0.7884213007,TRUE,6,poo
0,1301,A,1207,Small,2019-09-28 21:37:35,69,2.549527696,2,2.549527696,TRUE,69,object cleaning
0,383,A,1207,Small,2019-09-28 21:45:07,0,3.875974778,1,0,FALSE,0,pee & hand washing
0,447,A,1207,Small,2019-09-28 21:52:34,92,14.50058278,6,4.437261747,TRUE,18.4,object cleaning
0,566,A,1207,Small,2019-09-28 22:03:32,3,6.172755907,2,5.601964366,TRUE,3,poo
0,413,A,1207,Small,2019-09-28 22:10:28,113,7.502229527,3,2.383489501,TRUE,56.5,object cleaning
0,15760,A,1207,Small,2019-09-29 2:35:01,2,5.167997134,2,1.803276762,TRUE,2,poo
0,1134,A,1207,Small,2019-09-29 2:53:57,2,3.32169968,2,2.769917283,TRUE,2,pee & hand washing
0,4197,A,1207,Small,2019-09-29 4:03:56,71,12.24252094,3,0.2333290604,TRUE,35.5,poo
0,14663,A,1207,Small,2019-09-29 8:09:30,0,5.332734953,1,0,FALSE,0,pee & hand washing
0,3834,A,1207,Small,2019-09-29 9:13:24,5,7.4860304,3,7.356109494,TRUE,2.5,pee & hand washing
0,1112,A,1207,Small,2019-09-29 9:32:01,2,1.167412255,2,0.6491459779,TRUE,2,pee & hand washing
0,6550,A,1207,Small,2019-09-29 11:21:13,0,6.67893345,1,0,FALSE,0,pee & hand washing
0,11375,A,1207,Small,2019-09-29 14:30:48,72,4.557845244,3,1.001057158,TRUE,36,object cleaning
0,2438,A,1207,Small,2019-09-29 15:12:38,23,5.000908682,2,0.4835829282,TRUE,23,object cleaning
0,4582,A,1207,Small,2019-09-29 16:29:23,0,2.722069434,1,0,FALSE,0,pee & hand washing
0,10611,A,1207,Small,2019-09-29 19:26:14,0,6.589148764,1,0,FALSE,0,pee & hand washing
0,5885,A,1207,Small,2019-09-29 21:04:19,127,8.124530088,2,2.671670193,TRUE,127,object cleaning
0,2406,A,1207,Small,2019-09-29 21:46:32,179,7.470531859,2,0.8917962713,TRUE,179,object cleaning
0,1474,A,1207,Small,2019-09-29 22:14:05,0,6.622681891,1,0,FALSE,0,pee & hand washing
0,39710,A,1207,Small,2019-09-30 9:15:55,80,14.01167495,4,5.495122138,TRUE,26.66666667,object cleaning
0,12646,A,1207,Small,2019-09-30 14:00:12,131,7.632977323,3,1.439251754,TRUE,65.5,poo
0,4246,A,1207,Small,2019-09-30 15:13:09,0,3.632416709,1,0,FALSE,0,pee & hand washing
0,10181,A,1207,Small,2019-09-30 18:02:50,0,1.643525172,1,0,FALSE,0,pee & hand washing
0,10266,A,1207,Small,2019-09-30 20:53:56,0,3.759778134,1,0,FALSE,0,pee & hand washing
0,6313,A,1207,Small,2019-09-30 22:39:09,0,3.106146582,1,0,FALSE,0,pee & hand washing
0,15921,A,1207,Small,2019-10-01 3:04:30,0,2.967804959,1,0,FALSE,0,pee & hand washing
0,7742,A,1207,Small,2019-10-01 5:13:32,5,8.110257883,3,4.188468158,TRUE,2.5,poo
0,30569,A,1207,Small,2019-10-01 13:43:06,6,6.073926861,3,5.515882953,TRUE,3,poo
0,17098,A,1207,Small,2019-10-01 18:28:10,45,18.31138317,4,4.147399068,TRUE,15,object cleaning
0,42918,A,1207,Small,2019-10-02 6:24:13,100,17.33475609,4,7.465690184,TRUE,33.33333333,poo
0,24080,A,1207,Small,2019-10-02 13:07:13,0,3.424034141,1,0,FALSE,0,pee & hand washing
0,598,A,1207,Small,2019-10-02 13:17:11,11,2.218219502,6,1.145285526,TRUE,2.2,poo
0,10927,A,1207,Small,2019-10-02 16:19:29,0,3.830305215,1,0,FALSE,0,pee & hand washing
0,14653,A,1207,Small,2019-10-02 20:23:42,1,2.572732264,2,2.438867712,TRUE,1,pee & hand washing
0,26663,A,1207,Small,2019-10-03 4:13:29,0,2.766509133,1,0,FALSE,0,pee & hand washing
0,8618,A,1207,Small,2019-10-03 6:37:07,0,3.008667689,1,0,FALSE,0,pee & hand washing
0,30088,A,1208,Small,2019-10-03 22:17:42,0,2.104630042,1,0,FALSE,0,pee & hand washing
0,5373,A,1208,Small,2019-10-03 23:52:16,70,11.96263508,4,3.988670567,TRUE,23.33333333,poo
0,37153,A,1208,Small,2019-10-04 10:12:39,0,5.18294566,1,0,FALSE,0,pee & hand washing
0,10535,A,1208,Small,2019-10-04 13:08:14,23,10.53685705,4,6.33420006,TRUE,7.666666667,poo
0,6405,A,1208,Small,2019-10-04 14:55:22,5,2.604095609,2,2.298398407,TRUE,5,pee & hand washing
0,20904,A,1208,Small,2019-10-04 20:43:51,2,3.200190988,2,1.679625455,TRUE,2,pee & hand washing
0,1172,A,1208,Small,2019-10-04 21:03:25,0,2.728388809,1,0,FALSE,0,pee & hand washing
0,12924,A,1208,Small,2019-10-05 0:38:49,2,8.110880696,2,8.110880696,TRUE,2,poo
0,29924,A,1208,Small,2019-10-05 8:57:35,1,8.576288215,2,7.402356241,TRUE,1,pee & hand washing
0,7764,A,1208,Small,2019-10-05 11:07:00,31,8.291792961,2,1.342246348,TRUE,31,poo
0,6664,A,1208,Small,2019-10-05 12:58:35,0,7.872457767,1,0,FALSE,0,pee & hand washing
0,5333,A,1208,Small,2019-10-05 14:27:28,3,6.207172543,2,0.02017637122,TRUE,3,poo
0,2452,A,1208,Small,2019-10-05 15:08:23,13,8.058872679,2,1.700910776,TRUE,13,poo
0,4962,A,1208,Small,2019-10-05 16:31:18,261,23.32078973,6,6.148335993,TRUE,52.2,object cleaning
0,3264,A,1208,Small,2019-10-05 17:30:03,3,3.248022659,2,3.248022659,TRUE,3,pee & hand washing
0,3756,A,1208,Small,2019-10-05 18:32:42,22,10.47063469,3,6.167337048,TRUE,11,object cleaning
0,7241,A,1208,Small,2019-10-05 20:33:45,0,7.236810612,1,0,FALSE,0,pee & hand washing
0,517,A,1208,Small,2019-10-05 20:42:22,0,3.443441901,1,0,FALSE,0,pee & hand washing
0,1837,A,1208,Small,2019-10-05 21:12:59,50,8.823866874,2,0.7910977538,TRUE,50,poo
0,2464,A,1208,Small,2019-10-05 21:54:53,378,13.56451729,5,6.116371199,TRUE,94.5,object cleaning
0,15591,A,1208,Small,2019-10-06 2:21:02,0,2.054564709,1,0,FALSE,0,pee & hand washing
0,23974,A,1208,Small,2019-10-06 9:00:36,266,17.24045535,4,3.690744515,TRUE,88.66666667,object cleaning
0,10244,A,1208,Small,2019-10-06 11:55:46,0,6.151205117,1,0,FALSE,0,pee & hand washing
0,530,A,1208,Small,2019-10-06 12:04:36,5,9.065067464,2,2.397588529,TRUE,5,poo
0,719,A,1208,Small,2019-10-06 12:16:40,282,21.89334921,2,12.87175249,TRUE,282,object cleaning
0,469,A,1208,Small,2019-10-06 12:29:11,17,13.11727149,4,2.843311829,TRUE,5.666666667,poo
0,644,A,1208,Small,2019-10-06 12:40:12,5,10.44781069,2,4.678913632,TRUE,5,pee & hand washing
0,10208,A,1208,Small,2019-10-06 15:30:25,35,10.90690776,3,7.364858518,TRUE,17.5,object cleaning
0,1703,A,1208,Small,2019-10-06 15:59:23,0,5.249831063,1,0,FALSE,0,pee & hand washing
0,15949,A,1208,Small,2019-10-06 20:25:12,213,10.04739484,3,5.738692027,TRUE,106.5,object cleaning
0,999,A,1208,Small,2019-10-06 20:45:24,0,2.641674006,1,0,FALSE,0,pee & hand washing
0,14268,A,1208,Small,2019-10-07 0:43:12,58,10.20563119,4,4.650993278,TRUE,19.33333333,poo
0,10543,A,1208,Small,2019-10-07 3:39:53,5,1.18059459,2,1.067323276,TRUE,5,pee & hand washing
0,8984,A,1209,Small,2019-10-17 19:51:42,4,1.778256228,2,1.452549402,TRUE,4,pee & hand washing
0,5662,A,1209,Small,2019-10-18 13:31:40,411,17.17622047,6,0.9714927718,TRUE,82.2,object cleaning
0,24645,A,1209,Small,2019-10-18 20:29:16,0,6.858319069,1,0,FALSE,0,pee & hand washing
0,1493,A,1209,Small,2019-10-18 20:54:09,0,7.695580611,1,0,FALSE,0,pee & hand washing
0,1174,A,1209,Small,2019-10-18 21:13:43,0,5.62763488,1,0,FALSE,0,pee & hand washing
0,9281,A,1209,Small,2019-10-18 23:48:24,4,2.870857417,3,1.814923948,TRUE,2,pee & hand washing
0,21636,A,1209,Small,2019-10-19 5:49:04,115,22.56827604,6,7.768357531,TRUE,23,object cleaning
0,3261,A,1209,Small,2019-10-19 6:45:20,0,5.30989872,1,0,FALSE,0,pee & hand washing
0,610,A,1209,Small,2019-10-19 6:55:30,12,7.084870201,2,1.158966443,TRUE,12,poo
0,933,A,1209,Small,2019-10-19 7:11:15,25,18.06814305,4,6.756437147,TRUE,8.333333333,object cleaning
0,806,A,1209,Small,2019-10-19 7:25:06,126,16.83349053,4,4.798335916,TRUE,42,object cleaning
0,3354,A,1209,Small,2019-10-19 8:23:06,0,2.8477132,1,0,FALSE,0,pee & hand washing
0,469,A,1209,Small,2019-10-19 8:30:55,149,14.06029701,5,2.203069388,TRUE,37.25,object cleaning
0,8158,A,1209,Small,2019-10-19 10:49:22,3,7.0253088,2,7.0253088,TRUE,3,poo
0,32892,A,1209,Small,2019-10-19 19:57:37,0,5.570791619,1,0,FALSE,0,pee & hand washing
0,5202,A,1209,Small,2019-10-19 21:24:19,3,6.436075138,2,6.436075138,TRUE,3,poo
0,39646,A,1209,Small,2019-10-20 8:25:08,0,4.689092036,1,0,FALSE,0,pee & hand washing
0,5874,A,1209,Small,2019-10-20 10:03:02,0,3.127431489,1,0,FALSE,0,pee & hand washing
0,20964,A,1209,Small,2019-10-20 15:52:26,0,6.163694126,1,0,FALSE,0,pee & hand washing
0,10615,A,1209,Small,2019-10-20 18:49:21,0,7.478569307,1,0,FALSE,0,pee & hand washing
0,2074,A,1209,Small,2019-10-20 19:23:55,0,2.305510659,1,0,FALSE,0,pee & hand washing
0,1840,A,1209,Small,2019-10-20 19:54:35,0,3.148741904,1,0,FALSE,0,pee & hand washing
0,1655,A,1209,Small,2019-10-20 20:22:10,188,13.06814587,2,1.00268294,TRUE,188,poo
0,1086,A,1209,Small,2019-10-20 20:43:24,0,6.594177094,1,0,FALSE,0,pee & hand washing
0,34910,A,1209,Small,2019-10-21 6:25:14,0,2.588355451,1,0,FALSE,0,pee & hand washing
0,22406,A,1209,Small,2019-10-21 12:38:40,5,5.962064392,2,5.36837834,TRUE,5,poo
0,4614,A,1209,Small,2019-10-21 13:55:39,0,3.065610501,1,0,FALSE,0,pee & hand washing
0,9578,A,1209,Small,2019-10-21 16:35:17,0,2.177040699,1,0,FALSE,0,pee & hand washing
0,33333,A,1209,Small,2019-10-22 1:50:50,2,2.992241879,2,0.3845352876,TRUE,2,pee & hand washing
0,12046,A,1209,Small,2019-10-22 5:11:38,0,3.771425734,1,0,FALSE,0,pee & hand washing
0,3951,A,1209,Small,2019-10-22 6:17:29,0,4.05870591,1,0,FALSE,0,pee & hand washing
0,16890,A,1209,Small,2019-10-22 10:58:59,28,11.4185531,3,5.271757447,TRUE,14,object cleaning
0,9248,A,1209,Small,2019-10-22 13:33:35,0,1.417775006,1,0,FALSE,0,pee & hand washing
0,11128,A,1209,Small,2019-10-22 16:39:03,0,2.71775994,1,0,FALSE,0,pee & hand washing
0,13257,A,1209,Small,2019-10-22 20:20:00,0,2.672363104,1,0,FALSE,0,pee & hand washing
0,8971,A,1209,Small,2019-10-22 22:49:31,0,3.727721877,1,0,FALSE,0,pee & hand washing
0,9228,A,1209,Small,2019-10-23 1:23:19,0,10.84782959,1,0,FALSE,0,pee & hand washing
0,1971,A,1209,Small,2019-10-23 6:38:07,65,9.377755174,3,4.553753929,TRUE,32.5,poo
0,15430,A,1209,Small,2019-10-23 10:56:22,111,14.2604117,6,4.590964405,TRUE,22.2,poo
0,11166,A,10958,Big,2020-06-21 10:27:43,6,7.172326117,3,5.178519254,TRUE,3,poo
0,9449,A,10958,Big,2020-06-21 13:05:18,0,7.555503374,1,0,FALSE,0,pee & hand washing
0,21034,A,10958,Big,2020-06-21 18:55:52,0,5.159993004,1,0,FALSE,0,pee & hand washing
0,37642,A,10958,Big,2020-06-22 5:23:14,0,4.756174839,1,0,FALSE,0,pee & hand washing
0,68969,A,10958,Big,2020-06-23 0:32:43,3,6.331268983,2,1.580058995,TRUE,3,poo
0,6340,A,10958,Big,2020-06-23 2:18:26,3,5.530206483,2,3.158600953,TRUE,3,poo
0,12224,A,10958,Big,2020-06-23 5:42:13,0,6.703137412,1,0,FALSE,0,pee & hand washing
0,59455,A,10958,Big,2020-06-23 22:13:08,3,5.903500008,2,1.965534794,TRUE,3,poo
0,16715,A,10958,Big,2020-06-24 2:51:46,3,4.71535273,2,0.7842831421,TRUE,3,pee & hand washing
0,10201,A,10958,Big,2020-06-24 5:41:50,0,5.884881817,1,0,FALSE,0,pee & hand washing
0,4886,A,10958,Big,2020-06-24 7:03:16,26,41.29168715,5,6.699505716,TRUE,6.5,object cleaning
0,53070,A,10958,Big,2020-06-24 21:48:12,0,5.028516392,1,0,FALSE,0,pee & hand washing
0,10165,A,10958,Big,2020-06-25 0:37:37,3,2.318233381,2,2.318233381,TRUE,3,pee & hand washing
0,8843,A,10958,Big,2020-06-25 3:05:03,3,5.782136982,2,1.153944971,TRUE,3,pee & hand washing
0,5949,A,10958,Big,2020-06-25 4:44:15,0,5.00281869,1,0,FALSE,0,pee & hand washing
0,3024,A,10958,Big,2020-06-25 5:34:39,2,5.762829227,2,2.687297589,TRUE,2,pee & hand washing
0,4550,A,10958,Big,2020-06-25 6:50:31,3,10.34702714,2,4.975466039,TRUE,3,poo
0,21621,A,10958,Big,2020-06-25 12:50:55,0,9.550699638,1,0,FALSE,0,poo
0,42963,A,10958,Big,2020-06-26 0:46:58,0,3.050155733,1,0,FALSE,0,pee & hand washing
0,11104,A,10958,Big,2020-06-26 3:52:02,2,6.852093221,2,3.804144089,TRUE,2,poo
0,5390,A,10958,Big,2020-06-26 5:21:54,3,6.837198668,2,3.795869337,TRUE,3,poo
0,5870,A,10958,Big,2020-06-26 6:59:47,0,6.443677972,1,0,FALSE,0,pee & hand washing
0,1338,A,10958,Big,2020-06-26 7:22:05,0,4.917358892,1,0,FALSE,0,pee & hand washing
0,9267,A,10958,Big,2020-06-26 9:56:32,63,12.44763455,3,5.281044511,TRUE,31.5,object cleaning
0,30265,A,10958,Big,2020-06-26 18:22:00,0,6.39288019,1,0,FALSE,0,pee & hand washing
0,9726,A,10958,Big,2020-06-26 21:04:06,0,5.629743635,1,0,FALSE,0,pee & hand washing
0,12903,A,10958,Big,2020-06-27 0:39:09,2,5.993659109,2,2.994622954,TRUE,2,pee & hand washing
0,6794,A,10958,Big,2020-06-27 2:32:25,0,8.595267045,1,0,FALSE,0,poo
0,7662,A,10958,Big,2020-06-27 4:40:07,3,5.220638823,2,5.220638823,TRUE,3,pee & hand washing
0,6430,A,10958,Big,2020-06-27 6:27:20,0,4.467661825,1,0,FALSE,0,pee & hand washing
0,1438,A,10958,Big,2020-06-27 6:51:18,0,5.203905436,1,0,FALSE,0,pee & hand washing
0,44845,A,10958,Big,2020-06-27 19:18:43,2,6.677495958,2,5.1921369,TRUE,2,object cleaning
0,11451,A,10958,Big,2020-06-27 22:29:36,1,6.292847634,2,6.292847634,TRUE,1,object cleaning
0,12126,A,10958,Big,2020-06-28 1:51:43,0,6.649361801,1,0,FALSE,0,pee & hand washing
0,9006,A,10958,Big,2020-06-28 4:21:49,1,5.529067488,2,5.529067488,TRUE,1,poo
0,10188,A,10958,Big,2020-06-28 7:11:38,1,5.519413611,2,4.784135388,TRUE,1,poo
0,966,A,10958,Big,2020-06-28 7:27:45,0,5.509070171,1,0,FALSE,0,pee & hand washing
0,13740,A,10958,Big,2020-06-28 11:16:45,0,5.498037169,1,0,FALSE,0,pee & hand washing
0,15340,A,10958,Big,2020-06-28 15:32:25,0,4.756598853,1,0,FALSE,0,pee & hand washing
0,22742,A,10958,Big,2020-06-28 21:51:27,0,4.74882978,1,0,FALSE,0,pee & hand washing
0,11585,A,10958,Big,2020-06-29 1:04:32,0,5.83404834,1,0,FALSE,0,pee & hand washing
0,15548,A,10958,Big,2020-06-29 5:23:40,1,8.729006505,2,7.276194805,TRUE,1,poo
0,59988,A,10958,Big,2020-06-29 22:03:29,0,5.804627,1,0,FALSE,0,pee & hand washing
0,20437,A,10958,Big,2020-06-30 3:44:06,0,5.069394748,1,0,FALSE,0,pee & hand washing
0,5738,A,10958,Big,2020-06-30 5:19:44,0,4.69922724,1,0,FALSE,0,pee & hand washing
0,5930,A,10958,Big,2020-06-30 6:58:34,0,9.015139311,1,0,FALSE,0,poo
0,37583,A,10958,Big,2020-06-30 17:24:57,190,11.86582755,11,4.671139055,TRUE,19,object cleaning
0,3379,A,10958,Big,2020-06-30 18:24:26,290,36.02186007,7,7.82464752,TRUE,48.33333333,object cleaning
0,800,A,10958,Big,2020-06-30 18:42:36,0,5.663404569,1,0,FALSE,0,pee & hand washing
0,11882,A,10958,Big,2020-06-30 22:00:38,0,5.651636033,1,0,FALSE,0,pee & hand washing
0,18135,A,10958,Big,2020-07-01 3:02:53,0,4.231003923,1,0,FALSE,0,pee & hand washing
0,7261,A,10958,Big,2020-07-01 5:03:54,0,6.685551131,1,0,FALSE,0,pee & hand washing
0,7130,A,10958,Big,2020-07-01 7:02:44,0,13.32131584,1,0,FALSE,0,poo
0,54337,A,10958,Big,2020-07-01 22:17:48,15,6.291065047,2,3.49246177,TRUE,15,poo
0,23069,A,10958,Big,2020-07-02 4:42:32,2,5.57955375,2,2.08980426,TRUE,2,pee & hand washing
0,63139,A,10958,Big,2020-07-02 22:14:53,0,6.957892684,1,0,FALSE,0,pee & hand washing
0,11411,A,10958,Big,2020-07-03 1:25:04,2,5.553074545,2,2.774330672,TRUE,2,pee & hand washing
0,13552,A,10958,Big,2020-07-03 5:10:58,4,5.541306009,2,2.768446404,TRUE,4,pee & hand washing
0,8531,A,10958,Big,2020-07-03 7:33:13,0,6.219902182,1,0,FALSE,0,pee & hand washing
0,3500,A,10958,Big,2020-07-03 8:31:33,22,12.3951207,2,0.7034663993,TRUE,22,poo
0,32117,A,10958,Big,2020-07-03 17:27:12,0,6.175218522,1,0,FALSE,0,pee & hand washing
0,13705,A,10958,Big,2020-07-03 21:15:37,0,5.134637651,1,0,FALSE,0,pee & hand washing
0,14450,A,10958,Big,2020-07-04 1:16:27,4,4.782996393,2,3.417529295,TRUE,4,pee & hand washing
0,18771,A,10958,Big,2020-07-04 6:29:22,3,4.773986108,2,0.6842046159,TRUE,3,poo
0,2047,A,10958,Big,2020-07-04 7:03:32,0,8.842069361,1,0,FALSE,0,poo
0,11702,A,10958,Big,2020-07-04 10:18:34,0,7.118984796,1,0,FALSE,0,pee & hand washing
0,21807,A,10958,Big,2020-07-04 16:22:01,0,7.773722101,1,0,FALSE,0,pee & hand washing
0,21797,A,10958,Big,2020-07-04 22:25:18,0,4.719924396,1,0,FALSE,0,pee & hand washing
0,13318,A,10958,Big,2020-07-05 2:07:16,2,5.719223449,2,1.006056767,TRUE,2,poo
0,15893,A,10958,Big,2020-07-05 6:32:11,0,5.370662238,1,0,FALSE,0,pee & hand washing
0,52319,A,10958,Big,2020-07-05 21:04:10,0,6.362376102,1,0,FALSE,0,pee & hand washing
0,26736,A,10958,Big,2020-07-06 4:29:46,3,6.012205911,2,3.337540028,TRUE,3,poo
0,62693,A,10958,Big,2020-07-06 21:54:42,0,5.331678962,1,0,FALSE,0,pee & hand washing
0,21207,A,10958,Big,2020-07-07 3:48:09,0,5.652014076,1,0,FALSE,0,pee & hand washing
0,6424,A,10958,Big,2020-07-07 5:35:13,0,7.294649665,1,0,FALSE,0,poo
0,5263,A,10958,Big,2020-07-07 7:02:56,168,12.87674209,2,1.007895601,TRUE,168,object cleaning
0,52150,A,10958,Big,2020-07-07 21:34:54,0,3.290465884,1,0,FALSE,0,pee & hand washing
0,18471,A,10958,Big,2020-07-08 2:42:45,4,6.239220212,2,2.295074352,TRUE,4,poo
0,9896,A,10958,Big,2020-07-08 5:27:45,0,5.568393112,1,0,FALSE,0,pee & hand washing
0,800,A,10958,Big,2020-07-08 5:41:05,0,6.207776155,1,0,FALSE,0,pee & hand washing
0,4377,A,10958,Big,2020-07-08 6:54:02,0,8.142842556,1,0,FALSE,0,pee & hand washing
0,53886,A,10958,Big,2020-07-08 22:00:45,0,1.9497311,1,0,FALSE,0,pee & hand washing
0,7151,A,10958,Big,2020-07-08 23:59:56,4,9.076863011,3,6.157162256,TRUE,2,poo
0,8208,A,10958,Big,2020-07-09 2:16:48,0,6.138773919,1,0,FALSE,0,pee & hand washing
0,12785,A,10958,Big,2020-07-09 5:49:53,0,3.868569793,1,0,FALSE,0,pee & hand washing
0,4474,A,10958,Big,2020-07-09 7:04:27,18,39.58759504,4,5.17188431,TRUE,6,object cleaning
0,6798,A,10958,Big,2020-07-10 7:00:51,0,6.002516339,1,0,FALSE,0,pee & hand washing
0,629,A,10958,Big,2020-07-10 7:11:20,0,4.097422928,1,0,FALSE,0,pee & hand washing
0,8379,A,10958,Big,2020-07-10 9:30:59,0,6.288557203,1,0,FALSE,0,pee & hand washing
0,6527,A,10958,Big,2020-07-10 11:19:46,0,6.583194615,1,0,FALSE,0,pee & hand washing
0,30542,A,10958,Big,2020-07-10 19:48:48,0,6.250861112,1,0,FALSE,0,pee & hand washing
0,10083,A,10958,Big,2020-07-10 22:36:51,0,6.854708693,1,0,FALSE,0,pee & hand washing
0,11808,A,10958,Big,2020-07-11 1:53:39,0,3.729553962,1,0,FALSE,0,pee & hand washing
0,14415,A,10958,Big,2020-07-11 5:53:54,1,5.272202967,2,4.652679328,TRUE,1,pee & hand washing
0,7842,A,10958,Big,2020-07-11 8:04:37,19,7.729104964,2,0.9345721056,TRUE,19,poo
0,15683,A,10958,Big,2020-07-11 12:26:19,0,4.931548741,1,0,FALSE,0,pee & hand washing
0,21528,A,10958,Big,2020-07-11 18:25:07,0,5.840928824,1,0,FALSE,0,pee & hand washing
0,22959,A,10958,Big,2020-07-12 0:47:46,4,5.82433335,3,3.372166349,TRUE,2,poo
0,17201,A,10958,Big,2020-07-12 5:34:31,0,4.280994782,1,0,FALSE,0,pee & hand washing
0,7878,A,10958,Big,2020-07-12 7:45:49,81,13.39589623,3,1.83310307,TRUE,40.5,object cleaning
0,12031,A,10958,Big,2020-07-12 11:07:41,0,5.757078005,1,0,FALSE,0,pee & hand washing
0,28437,A,10958,Big,2020-07-12 19:01:38,0,5.438765609,1,0,FALSE,0,pee & hand washing
0,14372,A,10958,Big,2020-07-12 23:01:10,0,4.82195425,1,0,FALSE,0,pee & hand washing
0,12616,A,10958,Big,2020-07-13 2:31:26,0,4.209556091,1,0,FALSE,0,pee & hand washing
0,9864,A,10958,Big,2020-07-13 5:15:50,0,5.698557122,1,0,FALSE,0,pee & hand washing
0,69495,A,10958,Big,2020-07-14 0:34:05,0,6.87604944,1,0,FALSE,0,pee & hand washing
0,11714,A,10958,Big,2020-07-14 3:49:19,0,4.17351495,1,0,FALSE,0,pee & hand washing
0,10216,A,10958,Big,2020-07-14 6:39:35,3,5.649644144,2,2.077862117,TRUE,3,poo
0,74275,A,10958,Big,2020-07-15 3:17:33,8,8.591145355,5,4.152644187,TRUE,2,poo
0,7519,A,10958,Big,2020-07-15 5:23:00,0,6.19703953,1,0,FALSE,0,pee & hand washing
0,310,A,10958,Big,2020-07-15 5:28:10,0,5.001802466,1,0,FALSE,0,pee & hand washing
0,58134,A,10958,Big,2020-07-15 21:37:04,0,4.988516892,1,0,FALSE,0,pee & hand washing
0,23311,A,10958,Big,2020-07-16 4:05:35,0,5.85183419,1,0,FALSE,0,pee & hand washing
0,5624,A,10958,Big,2020-07-16 5:39:19,0,4.085342872,1,0,FALSE,0,pee & hand washing
0,58170,A,10958,Big,2020-07-16 21:48:49,0,5.529982039,1,0,FALSE,0,pee & hand washing
0,9910,A,10958,Big,2020-07-17 0:33:59,0,5.803105096,1,0,FALSE,0,pee & hand washing
0,7930,A,10958,Big,2020-07-17 2:46:09,2,5.784716759,2,3.467887921,TRUE,2,poo
0,7905,A,10958,Big,2020-07-17 4:57:56,0,3.750205147,1,0,FALSE,0,pee & hand washing
0,5039,A,10958,Big,2020-07-17 6:21:55,0,5.754376002,1,0,FALSE,0,pee & hand washing
0,4696,A,10958,Big,2020-07-17 7:40:11,0,6.880978597,1,0,FALSE,0,pee & hand washing
0,35207,A,10958,Big,2020-07-17 17:26:58,0,4.572608395,1,0,FALSE,0,pee & hand washing
0,19368,A,10958,Big,2020-07-17 22:49:46,0,4.845501598,1,0,FALSE,0,pee & hand washing
0,8831,A,10958,Big,2020-07-18 1:16:57,2,5.683580903,2,3.407206408,TRUE,2,poo
0,11351,A,10958,Big,2020-07-18 4:26:10,0,6.513385456,1,0,FALSE,0,pee & hand washing
0,7731,A,10958,Big,2020-07-18 6:35:01,5,6.770648572,3,4.794749787,TRUE,2.5,pee & hand washing
0,33666,A,10958,Big,2020-07-18 15:56:12,0,4.218208886,1,0,FALSE,0,pee & hand washing
0,21507,A,10958,Big,2020-07-18 21:54:39,2,6.167996233,2,1.677032056,TRUE,2,poo
0,21359,A,10958,Big,2020-07-19 3:50:40,0,6.145746345,1,0,FALSE,0,pee & hand washing
0,8962,A,10958,Big,2020-07-19 6:20:02,0,5.845638402,1,0,FALSE,0,pee & hand washing
0,9802,A,10958,Big,2020-07-19 9:03:24,2,6.655905347,2,6.102303898,TRUE,2,pee & hand washing
0,1415,A,10958,Big,2020-07-19 9:27:01,0,6.353728717,1,0,FALSE,0,pee & hand washing
0,30231,A,10958,Big,2020-07-19 17:50:52,0,3.855580597,1,0,FALSE,0,pee & hand washing
0,23146,A,10958,Big,2020-07-20 0:16:38,0,5.76647661,1,0,FALSE,0,pee & hand washing
0,9041,A,10958,Big,2020-07-20 2:47:19,0,4.379898619,1,0,FALSE,0,pee & hand washing
0,8936,A,10958,Big,2020-07-20 5:16:15,6,5.185844304,2,1.906988492,TRUE,6,poo
0,42860,A,10958,Big,2020-07-20 22:15:15,0,2.451487714,1,0,FALSE,0,pee & hand washing
0,16499,A,10958,Big,2020-07-21 2:50:14,0,5.434418931,1,0,FALSE,0,pee & hand washing
0,8437,A,10958,Big,2020-07-21 5:10:51,0,4.063746852,1,0,FALSE,0,pee & hand washing
0,70824,A,10958,Big,2020-07-22 0:51:15,4,5.941451916,2,2.155701031,TRUE,4,poo
0,10899,A,10958,Big,2020-07-22 3:52:58,0,4.844638428,1,0,FALSE,0,pee & hand washing
0,5842,A,10958,Big,2020-07-22 5:30:20,0,4.561815523,1,0,FALSE,0,pee & hand washing
0,60377,A,10958,Big,2020-07-22 22:16:37,3,6.684417546,2,4.006053443,TRUE,3,poo
0,10435,A,10958,Big,2020-07-23 1:10:35,3,1.599984923,2,1.599984923,TRUE,3,pee & hand washing
0,14581,A,10958,Big,2020-07-23 5:13:39,0,5.573399067,1,0,FALSE,0,pee & hand washing
0,4976,A,10958,Big,2020-07-23 6:36:35,117,45.91344164,7,8.693747412,TRUE,19.5,object cleaning
0,655,A,10958,Big,2020-07-23 6:49:27,0,4.359405899,1,0,FALSE,0,pee & hand washing
0,1800,A,10958,Big,2020-07-23 7:19:27,0,4.856555152,1,0,FALSE,0,pee & hand washing
0,1050,A,10958,Big,2020-07-23 7:36:57,3,4.839959678,2,4.839959678,TRUE,3,pee & hand washing
0,26031,A,10958,Big,2020-07-23 14:50:51,0,5.838809299,1,0,FALSE,0,pee & hand washing
0,10440,A,10958,Big,2020-07-23 17:44:51,0,6.066743017,1,0,FALSE,0,pee & hand washing
0,14011,A,10958,Big,2020-07-23 21:38:22,0,6.291366834,1,0,FALSE,0,pee & hand washing
0,14355,A,10958,Big,2020-07-24 1:37:37,0,4.261717856,1,0,FALSE,0,pee & hand washing
0,12617,A,10958,Big,2020-07-24 5:07:54,0,4.996776501,1,0,FALSE,0,pee & hand washing
0,4824,A,10958,Big,2020-07-24 6:28:18,0,5.723560394,1,0,FALSE,0,pee & hand washing
0,2261,A,10958,Big,2020-07-24 7:05:59,3,7.428966737,2,6.935035442,TRUE,3,poo
0,2153,A,10958,Big,2020-07-24 7:41:55,0,4.683612839,1,0,FALSE,0,pee & hand washing
0,52740,A,10958,Big,2020-07-24 22:20:55,2,5.647432677,2,0.7306454439,TRUE,2,poo
0,22060,A,10958,Big,2020-07-25 4:28:37,4,5.379136559,2,4.402950564,TRUE,4,pee & hand washing
0,9266,A,10958,Big,2020-07-25 7:03:07,0,4.627712294,1,0,FALSE,0,pee & hand washing
0,9758,A,10958,Big,2020-07-25 9:45:45,2,6.547674839,2,0.7192446747,TRUE,2,poo
0,33641,A,10958,Big,2020-07-25 19:06:28,0,6.03278084,1,0,FALSE,0,pee & hand washing
0,11860,A,10958,Big,2020-07-25 22:24:08,0,6.722604175,1,0,FALSE,0,pee & hand washing
0,10094,A,10958,Big,2020-07-26 1:12:22,0,6.448377817,1,0,FALSE,0,pee & hand washing
0,13545,A,10958,Big,2020-07-26 4:58:07,0,5.940839153,1,0,FALSE,0,pee & hand washing
0,9300,A,10958,Big,2020-07-26 7:33:07,0,6.14799405,1,0,FALSE,0,pee & hand washing
0,1950,A,10958,Big,2020-07-26 8:05:37,0,6.351563221,1,0,FALSE,0,pee & hand washing
0,51138,A,10958,Big,2020-07-26 22:17:55,0,5.617699818,1,0,FALSE,0,pee & hand washing
0,13930,A,10958,Big,2020-07-27 2:10:05,0,5.12629692,1,0,FALSE,0,pee & hand washing
0,10201,A,10958,Big,2020-07-27 5:00:06,0,3.945990103,1,0,FALSE,0,pee & hand washing
0,60254,A,10958,Big,2020-07-27 21:44:20,0,1.620957903,1,0,FALSE,0,pee & hand washing
0,6154,A,10958,Big,2020-07-28 0:57:15,3,5.08381986,2,5.08381986,TRUE,3,poo
0,9589,A,10958,Big,2020-07-28 3:37:07,0,5.29111267,1,0,FALSE,0,pee & hand washing
0,5976,A,10958,Big,2020-07-28 5:16:43,0,4.809777386,1,0,FALSE,0,pee & hand washing
0,9592,A,10958,Big,2020-07-28 7:56:35,2,10.91764917,2,3.66275346,TRUE,2,poo
0,52446,A,10958,Big,2020-07-28 22:30:43,0,2.712862788,1,0,FALSE,0,pee & hand washing
0,24446,A,10958,Big,2020-07-29 5:18:09,0,4.730615594,1,0,FALSE,0,pee & hand washing
0,6344,A,10958,Big,2020-07-29 7:03:53,0,14.95739437,1,0,FALSE,0,poo
0,54008,A,10958,Big,2020-07-29 22:04:01,0,3.541390434,1,0,FALSE,0,pee & hand washing
0,10801,A,10958,Big,2020-07-30 1:04:02,2,5.949410282,2,3.7408682,TRUE,2,poo
0,15848,A,10958,Big,2020-07-30 5:28:12,0,5.478832176,1,0,FALSE,0,pee & hand washing
0,7837,A,10958,Big,2020-07-30 7:38:49,41,48.43293809,8,10.86682596,TRUE,5.857142857,object cleaning
0,50865,A,10958,Big,2020-07-30 21:47:15,0,2.286794734,1,0,FALSE,0,pee & hand washing
0,11549,A,10958,Big,2020-07-31 0:59:44,3,5.589458577,2,4.344046771,TRUE,3,pee & hand washing
0,16439,A,10958,Big,2020-07-31 5:33:46,0,4.940273468,1,0,FALSE,0,pee & hand washing
0,2652,A,10958,Big,2020-07-31 6:17:58,2,5.934168514,2,2.652421405,TRUE,2,poo
0,7725,A,10958,Big,2020-07-31 8:26:45,0,5.692857281,1,0,FALSE,0,pee & hand washing
0,30946,A,10958,Big,2020-07-31 17:02:31,0,6.663169284,1,0,FALSE,0,pee & hand washing
0,15160,A,10958,Big,2020-07-31 21:15:11,0,5.214510102,1,0,FALSE,0,pee & hand washing
0,12799,A,10958,Big,2020-08-01 0:48:30,3,6.375197644,2,5.183847549,TRUE,3,pee & hand washing
0,13374,A,10958,Big,2020-08-01 4:31:27,0,4.750505826,1,0,FALSE,0,pee & hand washing
0,10253,A,10958,Big,2020-08-01 7:22:20,4,4.72402662,2,3.145673413,TRUE,4,pee & hand washing
0,1672,A,10958,Big,2020-08-01 7:50:16,0,5.67287024,1,0,FALSE,0,pee & hand washing
0,7351,A,10958,Big,2020-08-01 9:52:47,0,6.795080186,1,0,FALSE,0,pee & hand washing
0,8034,A,10958,Big,2020-08-01 12:06:41,31,11.13772241,3,5.779532873,TRUE,15.5,poo
0,11010,A,10958,Big,2020-08-01 15:10:42,1,5.70092273,2,5.32219437,TRUE,1,pee & hand washing
0,22351,A,10958,Big,2020-08-01 21:23:14,0,5.28353289,1,0,FALSE,0,pee & hand washing
0,23668,A,10958,Big,2020-08-02 3:57:42,2,6.36726524,2,5.994237264,TRUE,2,poo
0,17251,A,10958,Big,2020-08-02 8:45:15,2,5.574043202,2,5.574043202,TRUE,2,poo
0,2165,A,10958,Big,2020-08-02 9:21:22,262,7.556281098,2,4.965680202,TRUE,262,object cleaning
0,45059,A,10958,Big,2020-08-02 21:56:43,0,4.205235376,1,0,FALSE,0,pee & hand washing
0,14478,A,10958,Big,2020-08-03 1:58:01,3,7.255529564,2,4.365086274,TRUE,3,poo
0,11989,A,10958,Big,2020-08-03 5:17:53,2,4.318012131,2,3.959235116,TRUE,2,pee & hand washing
0,59536,A,10958,Big,2020-08-03 21:50:11,3,6.427369685,2,3.918504949,TRUE,3,poo
0,18645,A,10958,Big,2020-08-04 3:00:59,4,7.247494943,3,5.487674264,TRUE,2,poo
0,7459,A,10958,Big,2020-08-04 5:05:22,3,5.777219188,2,2.985337387,TRUE,3,pee & hand washing
0,7298,A,10958,Big,2020-08-04 7:07:03,0,8.141735476,1,0,FALSE,0,pee & hand washing
0,52093,A,10958,Big,2020-08-04 21:35:16,0,5.314502096,1,0,FALSE,0,pee & hand washing
0,12066,A,10958,Big,2020-08-05 0:56:22,2,6.454283181,2,5.778194852,TRUE,2,poo
0,9804,A,10958,Big,2020-08-05 3:39:48,0,4.04218707,1,0,FALSE,0,pee & hand washing
0,6226,A,10958,Big,2020-08-05 5:23:34,0,5.181968154,1,0,FALSE,0,pee & hand washing
0,42824,A,10958,Big,2020-08-05 17:17:18,362,23.49184525,4,8.130539143,TRUE,120.6666667,object cleaning
0,15793,A,10958,Big,2020-08-05 21:46:33,0,5.72401578,1,0,FALSE,0,pee & hand washing
0,10981,A,10958,Big,2020-08-06 0:49:34,0,5.97738165,1,0,FALSE,0,pee & hand washing
0,10890,A,10958,Big,2020-08-06 3:51:04,0,6.220266169,1,0,FALSE,0,pee & hand washing
0,5974,A,10958,Big,2020-08-06 5:30:38,0,7.062375766,1,0,FALSE,0,poo
0,4923,A,10958,Big,2020-08-06 6:52:41,30,32.14666294,4,2.566931322,TRUE,10,object cleaning
0,53161,A,10958,Big,2020-08-06 21:39:12,0,4.534892838,1,0,FALSE,0,pee & hand washing
0,9490,A,10958,Big,2020-08-07 0:17:22,5,5.602418032,2,3.630952456,TRUE,5,poo
0,7819,A,10958,Big,2020-08-07 2:27:46,0,4.841779046,1,0,FALSE,0,pee & hand washing
0,6771,A,10958,Big,2020-08-07 4:20:37,0,5.735800002,1,0,FALSE,0,pee & hand washing
0,9206,A,10958,Big,2020-08-07 6:54:03,0,4.181550658,1,0,FALSE,0,pee & hand washing
0,965,A,10958,Big,2020-08-07 7:10:08,0,6.651345588,1,0,FALSE,0,pee & hand washing
0,8813,A,10958,Big,2020-08-07 9:37:01,0,6.017734318,1,0,FALSE,0,pee & hand washing
0,20155,A,10958,Big,2020-08-07 15:12:56,2,5.792788705,2,5.281827646,TRUE,2,poo
0,15255,A,10958,Big,2020-08-07 19:27:13,0,4.441143145,1,0,FALSE,0,pee & hand washing
0,12387,A,10958,Big,2020-08-07 22:53:40,2,2.637655031,2,2.387369207,TRUE,2,pee & hand washing
0,15114,A,10958,Big,2020-08-08 3:05:36,2,5.0912785,2,4.35145403,TRUE,2,pee & hand washing
0,7933,A,10958,Big,2020-08-08 5:17:51,2,4.285072132,2,4.041773876,TRUE,2,pee & hand washing
0,9743,A,10958,Big,2020-08-08 8:00:16,0,3.86849949,1,0,FALSE,0,pee & hand washing
0,31811,A,10958,Big,2020-08-08 16:50:27,0,6.176349414,1,0,FALSE,0,pee & hand washing
0,20784,A,10958,Big,2020-08-08 22:36:51,3,5.590915589,2,3.278836347,TRUE,3,poo
0,4309,A,10958,Big,2020-08-08 23:48:43,0,4.918586593,1,0,FALSE,0,pee & hand washing
0,13085,A,10958,Big,2020-08-09 3:26:48,2,5.056335792,2,4.16497087,TRUE,2,poo
0,17496,A,10958,Big,2020-08-09 8:18:26,0,5.508970127,1,0,FALSE,0,pee & hand washing
0,4508,A,10958,Big,2020-08-09 9:33:34,0,5.394043018,1,0,FALSE,0,pee & hand washing
0,18826,A,10958,Big,2020-08-09 14:47:20,0,5.174659877,1,0,FALSE,0,pee & hand washing
0,26891,A,10958,Big,2020-08-09 22:15:31,0,5.064283882,1,0,FALSE,0,pee & hand washing
0,18976,A,10958,Big,2020-08-10 3:31:47,2,4.853911026,2,3.017558625,TRUE,2,poo
0,5962,A,10958,Big,2020-08-10 5:11:11,3,5.236485795,2,4.037902592,TRUE,3,pee & hand washing
0,59486,A,10958,Big,2020-08-10 21:42:40,0,4.631044377,1,0,FALSE,0,pee & hand washing
0,6293,A,10958,Big,2020-08-10 23:27:33,4,4.711375993,3,4.23925002,TRUE,2,pee & hand washing
0,7088,A,10958,Big,2020-08-11 1:25:45,0,4.050943169,1,0,FALSE,0,pee & hand washing
0,72214,A,10958,Big,2020-08-11 21:29:19,0,6.793959051,1,0,FALSE,0,pee & hand washing
0,11048,A,12553,Big,2020-05-14 5:29:53,0,6.769565281,1,0,FALSE,0,pee & hand washing
0,58881,A,12553,Big,2020-05-14 21:51:14,0,6.359219256,1,0,FALSE,0,pee & hand washing
0,11312,A,12553,Big,2020-05-15 0:59:46,0,4.76169134,1,0,FALSE,0,pee & hand washing
0,10050,A,12553,Big,2020-05-15 3:47:16,4,7.921441564,2,4.749922804,TRUE,4,poo
0,11684,A,12553,Big,2020-05-15 7:02:04,3,11.05912578,2,9.476860187,TRUE,3,poo
0,2342,A,12553,Big,2020-05-15 7:41:09,26,9.843763765,2,0.386579099,TRUE,26,object cleaning
0,5668,A,12553,Big,2020-05-15 9:16:03,0,7.462044649,1,0,FALSE,0,pee & hand washing
0,43442,A,12553,Big,2020-05-15 21:20:05,0,6.662499187,1,0,FALSE,0,pee & hand washing
0,16021,A,12553,Big,2020-05-16 1:47:06,0,8.211803687,1,0,FALSE,0,pee & hand washing
0,15364,A,12553,Big,2020-05-16 6:03:10,0,6.243004964,1,0,FALSE,0,pee & hand washing
0,17548,A,12553,Big,2020-05-16 10:55:38,0,7.009313506,1,0,FALSE,0,pee & hand washing
0,26866,A,12553,Big,2020-05-16 18:23:24,0,6.994418953,1,0,FALSE,0,pee & hand washing
0,17069,A,12553,Big,2020-05-16 23:07:53,2,6.979524399,2,0.7718250436,TRUE,2,poo
0,18799,A,12553,Big,2020-05-17 4:21:14,3,7.351117003,2,3.478890095,TRUE,3,poo
0,13999,A,12553,Big,2020-05-17 8:14:36,0,6.948907818,1,0,FALSE,0,pee & hand washing
0,1471,A,12553,Big,2020-05-17 8:39:07,2,6.934013264,2,3.849655224,TRUE,2,poo
0,20247,A,12553,Big,2020-05-17 14:16:36,0,7.686990262,1,0,FALSE,0,pee & hand washing
0,29160,A,12553,Big,2020-05-17 22:22:36,0,5.75317535,1,0,FALSE,0,pee & hand washing
0,25829,A,12553,Big,2020-05-18 5:33:05,2,6.125319604,2,3.82653189,TRUE,2,poo
0,59790,A,12553,Big,2020-05-18 22:09:37,0,5.731798908,1,0,FALSE,0,pee & hand washing
0,19659,A,12553,Big,2020-05-19 3:37:16,2,6.102518066,2,0.7599185951,TRUE,2,poo
0,7911,A,12553,Big,2020-05-19 5:49:09,0,4.949630425,1,0,FALSE,0,pee & hand washing
0,66745,A,12553,Big,2020-05-20 0:21:34,0,6.840508569,1,0,FALSE,0,pee & hand washing
0,8996,A,12553,Big,2020-05-20 2:51:30,2,5.689046023,2,1.894050132,TRUE,2,poo
0,9812,A,12553,Big,2020-05-20 5:35:04,0,5.300444207,1,0,FALSE,0,pee & hand washing
0,44357,A,12553,Big,2020-05-20 17:54:21,0,10.95082875,1,0,FALSE,0,poo
0,13797,A,12553,Big,2020-05-20 21:44:18,0,4.896442159,1,0,FALSE,0,pee & hand washing
0,19195,A,12553,Big,2020-05-21 3:04:13,3,6.015725113,2,3.005655956,TRUE,3,poo
0,10361,A,12553,Big,2020-05-21 5:56:57,0,6.753623674,1,0,FALSE,0,pee & hand washing
0,57319,A,12553,Big,2020-05-21 21:52:16,5,7.112666238,2,3.365939733,TRUE,5,poo
0,13695,A,12553,Big,2020-05-22 1:40:36,0,4.109262853,1,0,FALSE,0,pee & hand washing
0,8659,A,12553,Big,2020-05-22 4:04:55,0,5.967179903,1,0,FALSE,0,pee & hand washing
0,5541,A,12553,Big,2020-05-22 5:37:16,1,5.955411367,2,1.486094591,TRUE,1,poo
0,529,A,12553,Big,2020-05-22 5:46:06,0,5.943642831,1,0,FALSE,0,pee & hand washing
0,44200,A,12553,Big,2020-05-22 18:02:46,0,7.413004035,1,0,FALSE,0,pee & hand washing
0,12490,A,12553,Big,2020-05-22 21:30:56,0,5.178161764,1,0,FALSE,0,pee & hand washing
0,20402,A,12553,Big,2020-05-23 3:10:58,0,5.538031803,1,0,FALSE,0,pee & hand washing
0,17886,A,12553,Big,2020-05-23 8:09:04,0,5.159497601,1,0,FALSE,0,pee & hand washing
0,10003,A,12553,Big,2020-05-23 10:55:47,2,6.252990913,2,1.836080899,TRUE,2,poo
0,13337,A,12553,Big,2020-05-23 14:38:06,0,6.239705339,1,0,FALSE,0,pee & hand washing
0,26460,A,12553,Big,2020-05-23 21:59:06,7,7.323820599,3,3.659198019,TRUE,3.5,poo
0,17676,A,12553,Big,2020-05-24 2:53:49,0,5.480798102,1,0,FALSE,0,pee & hand washing
0,11309,A,12553,Big,2020-05-24 6:02:18,0,5.470454663,1,0,FALSE,0,pee & hand washing
0,7767,A,12553,Big,2020-05-24 8:11:45,0,5.096425604,1,0,FALSE,0,pee & hand washing
0,46169,A,12553,Big,2020-05-24 21:01:14,0,5.813453402,1,0,FALSE,0,pee & hand washing
0,9620,A,12553,Big,2020-05-24 23:41:34,0,6.526067999,1,0,FALSE,0,pee & hand washing
0,22027,A,12553,Big,2020-05-25 5:48:41,2,6.14983234,2,2.529525654,TRUE,2,poo
0,11192,A,12553,Big,2020-05-25 8:55:15,0,6.857619999,1,0,FALSE,0,pee & hand washing
0,1122,A,12553,Big,2020-05-25 9:13:57,0,6.481384339,1,0,FALSE,0,pee & hand washing
0,21431,A,12553,Big,2020-05-25 15:11:08,0,2.157151546,1,0,FALSE,0,pee & hand washing
0,7997,A,12553,Big,2020-05-25 17:24:25,0,6.09043801,1,0,FALSE,0,pee & hand washing
0,8951,A,12553,Big,2020-05-25 19:53:36,0,6.077152436,1,0,FALSE,0,pee & hand washing
0,16138,A,12553,Big,2020-05-26 0:22:34,2,6.063866863,2,3.921747783,TRUE,2,poo
0,8282,A,12553,Big,2020-05-26 2:40:38,0,5.339437759,1,0,FALSE,0,pee & hand washing
0,5447,A,12553,Big,2020-05-26 4:11:25,0,5.683999507,1,0,FALSE,0,pee & hand washing
0,3826,A,12553,Big,2020-05-26 5:15:11,0,5.672230971,1,0,FALSE,0,pee & hand washing
0,57926,A,12553,Big,2020-05-26 21:20:37,0,6.013850585,1,0,FALSE,0,pee & hand washing
0,10324,A,12553,Big,2020-05-27 0:12:41,0,6.000565011,1,0,FALSE,0,pee & hand washing
0,12580,A,12553,Big,2020-05-27 3:42:21,0,4.227694022,1,0,FALSE,0,pee & hand washing
0,8061,A,12553,Big,2020-05-27 5:56:42,0,5.626627894,1,0,FALSE,0,pee & hand washing
0,55759,A,12553,Big,2020-05-27 21:26:01,0,5.26427543,1,0,FALSE,0,pee & hand washing
0,20133,A,12553,Big,2020-05-28 3:01:34,0,5.603826356,1,0,FALSE,0,pee & hand washing
0,9333,A,12553,Big,2020-05-28 5:37:07,3,5.59205782,2,2.793822309,TRUE,3,poo
0,60579,A,12553,Big,2020-05-28 22:26:49,2,6.973522771,2,3.483313572,TRUE,2,poo
0,10763,A,12553,Big,2020-05-29 1:26:14,2,5.218074732,2,2.433078824,TRUE,2,poo
0,12086,A,12553,Big,2020-05-29 4:47:42,0,4.860871002,1,0,FALSE,0,pee & hand washing
0,8718,A,12553,Big,2020-05-29 7:13:00,40,46.75098713,7,9.583139911,TRUE,6.666666667,object cleaning
0,1774,A,12553,Big,2020-05-29 7:43:14,2,6.80343065,2,3.398267512,TRUE,2,poo
0,37087,A,12553,Big,2020-05-29 18:01:23,0,4.751460394,1,0,FALSE,0,pee & hand washing
0,18089,A,12553,Big,2020-05-29 23:02:52,0,5.757517162,1,0,FALSE,0,pee & hand washing
0,9966,A,12553,Big,2020-05-30 1:48:58,2,6.75654039,2,2.02277877,TRUE,2,poo
0,14034,A,12553,Big,2020-05-30 5:42:54,0,6.065164322,1,0,FALSE,0,pee & hand washing
0,17144,A,12553,Big,2020-05-30 10:28:38,0,8.399130008,1,0,FALSE,0,pee & hand washing
0,26111,A,12553,Big,2020-05-30 17:43:49,0,7.03306529,1,0,FALSE,0,pee & hand washing
0,7492,A,12553,Big,2020-05-30 19:48:41,0,5.344918565,1,0,FALSE,0,pee & hand washing
0,4703,A,12553,Big,2020-05-30 21:07:04,0,5.666081154,1,0,FALSE,0,pee & hand washing
0,6474,A,12553,Big,2020-05-30 22:54:58,0,6.316956908,1,0,FALSE,0,pee & hand washing
0,14003,A,12553,Big,2020-05-31 2:48:21,3,6.300361434,2,3.644819422,TRUE,3,poo
0,13451,A,12553,Big,2020-05-31 6:32:35,3,6.94424962,2,4.295695176,TRUE,3,poo
0,13191,A,12553,Big,2020-05-31 10:12:29,0,6.265423593,1,0,FALSE,0,pee & hand washing
0,22269,A,12553,Big,2020-05-31 16:23:38,0,5.920356165,1,0,FALSE,0,pee & hand washing
0,9416,A,12553,Big,2020-05-31 19:00:34,0,6.23310609,1,0,FALSE,0,pee & hand washing
0,4381,A,12553,Big,2020-05-31 20:13:35,0,4.582195749,1,0,FALSE,0,pee & hand washing
0,15070,A,12553,Big,2020-06-01 0:24:45,0,6.53036384,1,0,FALSE,0,pee & hand washing
0,18258,A,12553,Big,2020-06-01 5:29:03,2,6.837091584,2,0.3205189969,TRUE,2,poo
0,53808,A,12553,Big,2020-06-01 20:25:53,4,7.464981916,2,3.565519717,TRUE,4,poo
0,8114,A,12553,Big,2020-06-01 22:41:11,0,6.148381825,1,0,FALSE,0,pee & hand washing
0,12350,A,12553,Big,2020-06-02 2:07:01,0,5.809474491,1,0,FALSE,0,pee & hand washing
0,10279,A,12553,Big,2020-06-02 4:58:20,3,5.473049582,2,2.895106354,TRUE,3,poo
0,19208,A,12553,Big,2020-06-02 10:18:31,3,12.18583601,2,6.401599507,TRUE,3,poo
0,40597,A,12553,Big,2020-06-02 21:35:11,0,6.068024791,1,0,FALSE,0,pee & hand washing
0,11035,A,12553,Big,2020-06-03 0:39:06,3,7.005401118,3,4.773996384,TRUE,1.5,poo
0,11804,A,12553,Big,2020-06-03 3:55:53,6,8.251619848,4,5.709304023,TRUE,2,poo
0,6222,A,12553,Big,2020-06-03 5:39:41,0,5.378487557,1,0,FALSE,0,pee & hand washing
0,11329,A,12553,Big,2020-06-03 8:48:30,0,3.157610146,1,0,FALSE,0,pee & hand washing
0,43628,A,12553,Big,2020-06-03 20:55:38,2,10.70148831,2,3.788626496,TRUE,2,poo
0,18024,A,12553,Big,2020-06-04 1:56:04,0,5.957097146,1,0,FALSE,0,pee & hand washing
0,7441,A,12553,Big,2020-06-04 4:00:05,0,6.252699945,1,0,FALSE,0,pee & hand washing
0,6660,A,12553,Big,2020-06-04 5:51:05,2,7.167872355,2,3.423423839,TRUE,2,poo
0,57038,A,12553,Big,2020-06-04 21:41:45,2,6.523340577,2,3.413310254,TRUE,2,poo
0,6356,A,12553,Big,2020-06-04 23:27:43,0,6.503067435,1,0,FALSE,0,pee & hand washing
0,6649,A,12553,Big,2020-06-05 1:18:32,0,6.174549511,1,0,FALSE,0,pee & hand washing
0,11780,A,12553,Big,2020-06-05 4:34:52,2,7.69232829,2,3.994770034,TRUE,2,pee & hand washing
0,6026,A,12553,Big,2020-06-05 6:15:20,3,7.357604302,2,4.287568613,TRUE,3,pee & hand washing
0,667,A,12553,Big,2020-06-05 6:26:30,0,2.140980085,1,0,FALSE,0,pee & hand washing
0,734,A,12553,Big,2020-06-05 6:38:44,0,4.871970527,1,0,FALSE,0,pee & hand washing
0,329,A,12553,Big,2020-06-05 6:44:13,26,12.12843897,3,5.164309397,TRUE,13,poo
0,5967,A,12553,Big,2020-06-05 8:24:06,0,5.735241855,1,0,FALSE,0,pee & hand washing
0,1274,A,12553,Big,2020-06-05 8:45:20,34,13.81659597,2,0.6249941695,TRUE,34,poo
0,5060,A,12553,Big,2020-06-05 10:10:14,0,7.468220428,1,0,FALSE,0,pee & hand washing
0,5039,A,12553,Big,2020-06-05 11:34:13,263,16.03330031,3,6.507858679,TRUE,131.5,object cleaning
0,22114,A,12553,Big,2020-06-05 17:47:10,0,6.198970305,1,0,FALSE,0,pee & hand washing
0,7533,A,12553,Big,2020-06-05 19:52:43,4,7.646827431,2,4.112005962,TRUE,4,poo
0,9287,A,12553,Big,2020-06-05 22:27:34,0,3.225841154,1,0,FALSE,0,pee & hand washing
0,6928,A,12553,Big,2020-06-06 0:23:02,3,6.420835872,2,4.667078478,TRUE,3,poo
0,11721,A,12553,Big,2020-06-06 3:38:26,4,7.26939653,3,1.742310654,TRUE,2,poo
0,8941,A,12553,Big,2020-06-06 6:07:31,0,6.084089167,1,0,FALSE,0,pee & hand washing
0,4617,A,12553,Big,2020-06-06 7:24:28,0,7.792611252,1,0,FALSE,0,pee & hand washing
0,5902,A,12553,Big,2020-06-06 9:02:50,0,8.619151875,1,0,FALSE,0,pee & hand washing
0,33474,A,12553,Big,2020-06-06 18:20:44,0,6.008788926,1,0,FALSE,0,pee & hand washing
0,10355,A,12553,Big,2020-06-06 21:13:19,0,5.988515784,1,0,FALSE,0,pee & hand washing
0,4193,A,12553,Big,2020-06-06 22:23:12,0,6.535589374,1,0,FALSE,0,pee & hand washing
0,9558,A,12553,Big,2020-06-07 1:02:30,0,8.488134971,1,0,FALSE,0,pee & hand washing
0,18951,A,12553,Big,2020-06-07 6:18:21,0,6.479550915,1,0,FALSE,0,pee & hand washing
0,4844,A,12553,Big,2020-06-07 7:39:05,5,12.8861461,3,2.789337719,TRUE,2.5,poo
0,6447,A,12553,Big,2020-06-07 9:26:37,0,7.518303229,1,0,FALSE,0,pee & hand washing
0,3923,A,12553,Big,2020-06-07 10:32:00,172,9.143526144,3,5.533899836,TRUE,86,object cleaning
0,25594,A,12553,Big,2020-06-07 17:41:26,3,8.543769968,2,1.918757028,TRUE,3,poo
0,11771,A,12553,Big,2020-06-07 20:57:40,0,7.131678159,1,0,FALSE,0,pee & hand washing
0,17672,A,12553,Big,2020-06-08 1:52:12,3,6.828076432,2,4.092248775,TRUE,3,pee & hand washing
0,12159,A,12553,Big,2020-06-08 5:14:54,0,6.256454412,1,0,FALSE,0,pee & hand washing
0,58506,A,12553,Big,2020-06-08 21:30:00,2,7.313503121,2,2.972587777,TRUE,2,poo
0,21724,A,12553,Big,2020-06-09 3:32:06,0,5.934372406,1,0,FALSE,0,pee & hand washing
0,7245,A,12553,Big,2020-06-09 5:32:51,0,6.448484901,1,0,FALSE,0,pee & hand washing
0,72632,A,12553,Big,2020-06-10 3:21:17,0,4.817331747,1,0,FALSE,0,pee & hand washing
0,7891,A,12553,Big,2020-06-10 5:32:48,0,5.867622742,1,0,FALSE,0,pee & hand washing
0,71255,A,12553,Big,2020-06-11 1:20:23,3,7.700598175,2,4.507799781,TRUE,3,poo
0,8314,A,12553,Big,2020-06-11 3:39:00,0,6.079880402,1,0,FALSE,0,pee & hand washing
0,10204,A,12553,Big,2020-06-11 6:29:04,0,6.580983148,1,0,FALSE,0,pee & hand washing
0,1068,A,12553,Big,2020-06-11 6:46:52,5,11.5127466,3,8.894834157,TRUE,2.5,pee & hand washing
0,29057,A,12553,Big,2020-06-11 14:51:14,0,5.722998468,1,0,FALSE,0,pee & hand washing
0,8045,A,12553,Big,2020-06-11 17:05:19,2,7.509957087,2,4.914800211,TRUE,2,pee & hand washing
0,5241,A,12553,Big,2020-06-11 18:32:42,2,7.728236928,2,1.020272034,TRUE,2,poo
0,5687,A,12553,Big,2020-06-11 20:07:31,0,7.686863169,1,0,FALSE,0,pee & hand washing
0,4135,A,12553,Big,2020-06-11 21:16:26,0,7.1370773,1,0,FALSE,0,pee & hand washing
0,2303,A,12553,Big,2020-06-11 21:54:49,0,7.101036158,1,0,FALSE,0,pee & hand washing
0,1446,A,12553,Big,2020-06-11 22:18:55,0,6.813294373,1,0,FALSE,0,pee & hand washing
0,7937,A,12553,Big,2020-06-12 0:31:12,3,1.258043513,2,1.258043513,TRUE,3,pee & hand washing
0,4089,A,12553,Big,2020-06-12 1:39:24,2,8.24240567,2,4.236893601,TRUE,2,pee & hand washing
0,2933,A,12553,Big,2020-06-12 2:28:19,2,6.210917858,2,2.727011531,TRUE,2,poo
0,1108,A,12553,Big,2020-06-12 2:46:49,0,6.922117635,1,0,FALSE,0,pee & hand washing
0,372,A,12553,Big,2020-06-12 2:53:01,2,6.640765797,2,4.176166117,TRUE,2,pee & hand washing
0,407,A,12553,Big,2020-06-12 2:59:50,4,8.558521742,3,4.894031666,TRUE,2,poo
0,1393,A,12553,Big,2020-06-12 3:23:07,54,7.048685644,2,6.561282209,TRUE,54,object cleaning
0,2615,A,12553,Big,2020-06-12 4:07:36,0,7.492049011,1,0,FALSE,0,pee & hand washing
0,608,A,12553,Big,2020-06-12 4:17:44,2,7.208306688,2,4.799791437,TRUE,2,pee & hand washing
0,532,A,12553,Big,2020-06-12 4:26:38,0,7.166932929,1,0,FALSE,0,pee & hand washing
0,510,A,12553,Big,2020-06-12 4:35:08,0,7.599125381,1,0,FALSE,0,pee & hand washing
0,1071,A,12553,Big,2020-06-12 4:52:59,2,6.6106192,2,3.771428534,TRUE,2,pee & hand washing
0,28955,A,12553,Big,2020-06-12 12:55:36,0,6.808717841,1,0,FALSE,0,pee & hand washing
0,7285,A,12553,Big,2020-06-12 14:57:01,0,7.700823163,1,0,FALSE,0,pee & hand washing
0,7163,A,12553,Big,2020-06-12 20:56:22,3,5.756955779,2,3.449576383,TRUE,3,pee & hand washing
0,14270,A,12553,Big,2020-06-13 0:54:15,1,8.239540335,2,8.239540335,TRUE,1,pee & hand washing
0,13002,A,12553,Big,2020-06-13 4:30:58,0,5.00695661,1,0,FALSE,0,pee & hand washing
0,15201,A,12553,Big,2020-06-13 8:44:19,0,6.34031064,1,0,FALSE,0,pee & hand washing
0,4303,A,12553,Big,2020-06-13 9:56:02,0,8.322987692,1,0,FALSE,0,pee & hand washing
0,2709,A,12553,Big,2020-06-13 10:41:11,0,7.592664044,1,0,FALSE,0,pee & hand washing
0,25478,A,12553,Big,2020-06-13 17:45:49,0,7.981368078,1,0,FALSE,0,pee & hand washing
0,14603,A,12553,Big,2020-06-13 21:49:12,2,7.921789865,2,2.627357019,TRUE,2,poo
0,22378,A,12553,Big,2020-06-14 4:02:12,0,5.466190194,1,0,FALSE,0,pee & hand washing
0,9830,A,12553,Big,2020-06-14 6:46:02,3,7.171376959,2,6.735276985,TRUE,3,pee & hand washing
0,6923,A,12553,Big,2020-06-14 8:41:28,0,8.410720614,1,0,FALSE,0,pee & hand washing
0,20729,A,12553,Big,2020-06-14 16:19:57,0,8.693140058,1,0,FALSE,0,pee & hand washing
0,17218,A,12553,Big,2020-06-14 21:06:55,0,7.988054403,1,0,FALSE,0,poo
0,5968,A,12553,Big,2020-06-14 22:46:23,0,7.506397323,1,0,FALSE,0,pee & hand washing
0,6606,A,12553,Big,2020-06-15 0:36:29,0,6.209819968,1,0,FALSE,0,pee & hand washing
0,17044,A,12553,Big,2020-06-15 5:20:33,0,7.192498128,1,0,FALSE,0,poo
0,6220,A,12553,Big,2020-06-15 7:04:13,22,38.45419311,4,5.578435851,TRUE,7.333333333,object cleaning
0,59169,A,12553,Big,2020-06-15 23:30:44,0,2.542413176,1,0,FALSE,0,pee & hand washing
0,6387,A,12553,Big,2020-06-16 1:17:11,0,6.806343043,1,0,FALSE,0,pee & hand washing
0,10841,A,12553,Big,2020-06-16 4:17:52,0,5.78918675,1,0,FALSE,0,pee & hand washing
0,5150,A,12553,Big,2020-06-16 5:43:42,0,7.083016131,1,0,FALSE,0,pee & hand washing
0,5486,A,12553,Big,2020-06-16 7:15:08,0,19.38613566,1,0,FALSE,0,object cleaning
0,53607,A,12553,Big,2020-06-16 22:08:35,3,5.923580078,2,5.180374317,TRUE,3,pee & hand washing
0,14606,A,12553,Big,2020-06-17 2:12:04,0,6.790457683,1,0,FALSE,0,pee & hand washing
0,12374,A,12553,Big,2020-06-17 5:38:18,0,5.640849114,1,0,FALSE,0,pee & hand washing
0,5106,A,12553,Big,2020-06-17 7:03:24,46,53.31033698,5,13.05153028,TRUE,11.5,object cleaning
0,41167,A,12553,Big,2020-06-17 18:30:17,17,28.2347713,3,6.111790121,TRUE,8.5,object cleaning
0,12010,A,12553,Big,2020-06-17 21:50:44,0,4.598347744,1,0,FALSE,0,pee & hand washing
0,11894,A,12553,Big,2020-06-18 1:08:58,0,7.214631199,1,0,FALSE,0,pee & hand washing
0,15360,A,12553,Big,2020-06-18 5:24:58,0,7.117356895,1,0,FALSE,0,poo
0,5866,A,12553,Big,2020-06-18 7:02:44,23,39.24928375,5,11.76732503,TRUE,5.75,object cleaning
0,72376,A,12553,Big,2020-06-19 3:09:23,0,6.457583349,1,0,FALSE,0,pee & hand washing
0,10335,A,12553,Big,2020-06-19 6:01:38,0,6.908782311,1,0,FALSE,0,pee & hand washing
0,1244,A,12553,Big,2020-06-19 6:22:22,0,8.407279297,1,0,FALSE,0,pee & hand washing
0,42578,A,12553,Big,2020-06-19 18:12:00,2,7.967823452,2,3.486328183,TRUE,2,poo
0,26303,A,12553,Big,2020-06-20 1:30:25,0,6.771579896,1,0,FALSE,0,pee & hand washing
0,11153,A,12553,Big,2020-06-20 4:36:18,0,7.532607201,1,0,FALSE,0,pee & hand washing
0,8053,A,12553,Big,2020-06-20 6:50:31,0,6.877803373,1,0,FALSE,0,pee & hand washing
0,1182,A,12553,Big,2020-06-20 7:10:13,106,13.33842134,2,4.971008497,TRUE,106,poo
0,29711,A,12553,Big,2020-06-20 15:27:10,320,32.94177413,14,9.471122502,TRUE,24.61538462,object cleaning
0,33992,A,12553,Big,2020-06-21 0:59:02,0,9.194301768,1,0,FALSE,0,pee & hand washing
0,10065,A,12553,Big,2020-06-21 3:46:47,3,9.509228008,2,7.8919932,TRUE,3,poo
